data/legend/house/00001_.png,“十”字形的窗户；门上有把手；没有烟囱；房子右侧面；立体的房子；单层房子；长方形整齐墙面；过大的房子(画面占纸张的2/3以上)；近处的房子
data/legend/house/00002_.png,房子左侧面；没有烟囱；长方形整齐墙面；过大的房子(画面占纸张的2/3以上)；屋顶瓦片描绘细致；单层房子；“十”字形的窗户；没有门把手；立体的房子；近处的房子
data/legend/house/00003_.png,屋顶天窗；过大的房子(画面占纸张的2/3以上)；对开门/双开门/两个门；左侧墙壁阴影；屋顶较小；栅栏；立体的房子；门上有把手；屋顶涂黑或有阴影；房子左侧面；墙面或屋顶的阴影；单层房子；长方形整齐墙面；近处的房子；烟囱竖着冒烟
data/legend/house/00004_.png,砖房；房子右侧面；小的窗子；“十”字形的窗户；单层房子；近处的房子；绘制墙壁详细；过大的房子(画面占纸张的2/3以上)；长方形整齐墙面；非常小的门低矮而宽的门/门相对于房子显得很小；烟囱竖着冒烟；立体的房子；门上有把手
data/legend/house/00005_.png,大小适中的房子(画面占纸张的1/4到1/3)；没有门把手；方块窗户；长方形整齐墙面；立体的房子；远处的房子；对开门/双开门/两个门；房子右侧面；单层房子
data/legend/house/00006_.png,房子右侧面；过大的房子(画面占纸张的2/3以上)；立体的房子；近处的房子；单层房子；门上有把手；“十”字形的窗户；长方形整齐墙面
data/legend/house/00007_.png,屋顶较小；房子右侧面；长方形整齐墙面；过小的房子(小于纸张的1/9)；远处的房子；没有烟囱；方块窗户；非常小的门低矮而宽的门/门相对于房子显得很小；单层房子；立体的房子；没有门把手
data/legend/house/00008_.png,近处的房子；门上有把手；“十”字形的窗户；单层房子；长方形整齐墙面；单面的房子；过大的房子(画面占纸张的2/3以上)；屋顶两侧低垂包裹
data/legend/house/00009_.png,长方形整齐墙面；无法排烟的烟囱；两层楼/多层房子；过大的房子(画面占纸张的2/3以上)；近处的房子；单面的房子；门上有把手；“十”字形的窗户
data/legend/house/00010_.png,没有门把手；房子左侧面；近处的房子；长方形整齐墙面；立体的房子；两层楼/多层房子；绘制墙壁详细；砖房；过大的房子(画面占纸张的2/3以上)；“十”字形的窗户
data/legend/house/00011_.png,很多窗户；近处的房子；没有门把手；学校；方块窗户；单面的房子；长方形整齐墙面；墙壁上有装饰；过大的房子(画面占纸张的2/3以上)；尖屋顶/房子屋顶为锐角；两层楼/多层房子
data/legend/house/00012_.png,“十”字形的窗户；窗形不一，有方有圆；单层房子；门上有把手；格子状屋顶/密布“十”字的屋顶；对开门/双开门/两个门；尖屋顶/房子屋顶为锐角；近处的房子；单面的房子；古怪的房子（如塔、尖顶等)；长方形整齐墙面；过大的房子(画面占纸张的2/3以上)
data/legend/house/00013_.png,通向右侧道路；立体的房子；门前有道路；房子左侧面；长方形整齐墙面；格子状屋顶/密布“十”字的屋顶；没有门把手；没有烟囱；远处的房子；单层房子；方块窗户；海边(湖边、河边)的房子；大小适中的房子(画面占纸张的1/4到1/3)
data/legend/house/00014_.png,房子右侧面；单层房子；方块窗户；立体的房子；长方形整齐墙面；树上的房子；近处的房子；没有烟囱；过小的房子(小于纸张的1/9)；没有门把手
data/legend/house/00015_.png,没有门把手；过大的房子(画面占纸张的2/3以上)；立体的房子；房子右侧面；透视的房子；单层房子；近处的房子；没有烟囱；长方形整齐墙面；“十”字形的窗户
data/legend/house/00016_.png,近处的房子；“十”字形的窗户；房子右侧面；立体的房子；单层房子；没有门把手；房子没有屋顶或仅仅用连接墙壁的线条充当屋顶；长方形整齐墙面；过大的房子(画面占纸张的2/3以上)；没有烟囱
data/legend/house/00017_.png,屋顶较大；立体的房子；长方形整齐墙面；没有烟囱；单层房子；过大的房子(画面占纸张的2/3以上)；“十”字形的窗户；房子左侧面；没有门把手；近处的房子；缺少门(不画门）
data/legend/house/00018_.png,单面的房子；长方形整齐墙面；没有烟囱；屋顶较小；近处的房子；“十”字形的窗户；单层房子；没有门把手
data/legend/house/00019_.png,近处的房子；单面的房子；栅栏样窗户；屋顶涂黑或有阴影；长方形整齐墙面；单层房子；过大的房子(画面占纸张的2/3以上)；没有门把手
data/legend/house/00020_.png,窗形不一，有方有圆；没有门把手；长方形整齐墙面；非常小的门低矮而宽的门/门相对于房子显得很小；房子左侧面；近处的房子；强调屋顶/屋顶线较深；立体的房子；过大的房子(画面占纸张的2/3以上)；“十”字形的窗户；单层房子；没有烟囱
data/legend/house/00021_.png,门上有把手；单面的房子；长方形整齐墙面；近处的房子；过大的房子(画面占纸张的2/3以上)；没有烟囱；“十”字形的窗户；顶墙分开焊接；单层房子
data/legend/house/00022_.png,屋顶上画房子；立体的房子；单层房子；没有烟囱；“十”字形的窗户；过大的房子(画面占纸张的2/3以上)；房子没有屋顶或仅仅用连接墙壁的线条充当屋顶；近处的房子；长方形整齐墙面；没有门把手；房子右侧面；小的窗子
data/legend/house/00023_.png,长方形整齐墙面；过大的房子(画面占纸张的2/3以上)；屋顶较大；没有门把手；没有烟囱；单层房子；缺少门(不画门）；近处的房子；单面的房子；“十”字形的窗户；垮掉的墙
data/legend/house/00024_.png,门上有把手；近处的房子；尖屋顶/房子屋顶为锐角；屋顶两侧低垂包裹；单面的房子；“十”字形的窗户；长方形整齐墙面；单层房子；过大的房子(画面占纸张的2/3以上)
data/legend/house/00025_.png,格子状屋顶/密布“十”字的屋顶；房子左侧面；没有烟囱；过大的房子(画面占纸张的2/3以上)；“十”字形的窗户；立体的房子；单层房子；长方形整齐墙面；近处的房子；没有门把手
data/legend/house/00026_.png,门上有把手；烟陡然偏向一方，像是有很大的风一样/横着冒烟；过大的房子(画面占纸张的2/3以上)；单面的房子；烟囱画在左边；近处的房子；屋顶天窗；单层房子；长方形整齐墙面
data/legend/house/00027_.png,没有烟囱；门上有把手；长方形整齐墙面；单层房子；过大的房子(画面占纸张的2/3以上)；“十”字形的窗户；房屋线条断续；房子右侧面；近处的房子；立体的房子
data/legend/house/00028_.png,没有烟囱；单层房子；“十”字形的窗户；单面的房子；长方形整齐墙面；过大的房子(画面占纸张的2/3以上)；近处的房子；没有门把手；强调墙的轮廓线
data/legend/house/00029_.png,“十”字形的窗户；没有烟囱；近处的房子；过大的房子(画面占纸张的2/3以上)；房子右侧面；立体的房子；用画纸底边线作基线；单层房子；没有门把手
data/legend/house/00030_.png,过大的房子(画面占纸张的2/3以上)；单层房子；“十”字形的窗户；没有烟囱；房子右侧面；没有门把手；近处的房子；房子无底线
data/legend/house/00031_.png,完全涂黑的窗户；单面的房子；没有烟囱；没有门把手；古怪的房子（如塔、尖顶等)；缺少门(不画门）；过大的房子(画面占纸张的2/3以上)；尖屋顶/房子屋顶为锐角；近处的房子；方块窗户；很多窗户；两层楼/多层房子；用画纸底边线作基线；长方形整齐墙面；屋顶涂黑或有阴影；房子墙壁在纸的边缘
data/legend/house/00032_.png,立体的房子；没有烟囱；近处的房子；过大的房子(画面占纸张的2/3以上)；“十”字形的窗户；垮掉的墙；房子右侧面；没有门把手；单层房子；长方形整齐墙面
data/legend/house/00033_.png,单面的房子；用桩支持房屋；近处的房子；单层房子；门上有把手；没有烟囱；“十”字形的窗户；长方形整齐墙面；过大的房子(画面占纸张的2/3以上)
data/legend/house/00034_.png,房子右侧面；单层房子；过大的房子(画面占纸张的2/3以上)；没有烟囱；砖房；长方形整齐墙面；没有画窗户；门上有把手；近处的房子；绘制墙壁详细
data/legend/house/00035_.png,“十”字形的窗户；过大的房子(画面占纸张的2/3以上)；没有烟囱；立体的房子；没有门把手；房子右侧面；长方形整齐墙面；近处的房子；墙壁上有装饰；单层房子
data/legend/house/00036_.png,屋顶瓦片描绘细致；房子右侧面；过大的房子(画面占纸张的2/3以上)；没有烟囱；长方形整齐墙面；近处的房子；单层房子；门上有把手；外墙污渍；方块窗户
data/legend/house/00037_.png,房子右侧面；单层房子；房子没有屋顶或仅仅用连接墙壁的线条充当屋顶；屋顶涂黑或有阴影；近处的房子；右侧墙壁阴影；长方形整齐墙面；没有门把手；过大的房子(画面占纸张的2/3以上)；没有烟囱；大门/门相对于房子显得很大
data/legend/house/00038_.png,右侧墙壁阴影；长方形整齐墙面；近处的房子；“十”字形的窗户；小的窗子；屋顶较小；门上有把手；过大的房子(画面占纸张的2/3以上)；非常小的门低矮而宽的门/门相对于房子显得很小；单面的房子；单层房子
data/legend/house/00039_.png,单层房子；没有门把手；大小适中的房子(画面占纸张的1/4到1/3)；长方形整齐墙面；立体的房子；没有烟囱；远处的房子；房屋周围的花草庭院；格子状屋顶/密布“十”字的屋顶；房子左侧面
data/legend/house/00040_.png,烟囱竖着冒烟；立体的房子；没有门把手；近处的房子；“十”字形的窗户；非常小的门低矮而宽的门/门相对于房子显得很小；房子左侧面；烟囱画在左边；长方形整齐墙面；过大的房子(画面占纸张的2/3以上)；单层房子
data/legend/house/00041_.png,对开门/双开门/两个门；单面的房子；屋顶较小；栅栏样窗户；门上有把手；单层房子；近处的房子；长方形整齐墙面；过大的房子(画面占纸张的2/3以上)
data/legend/house/00042_.png,没有烟囱；近处的房子；单面的房子；没有门把手；过大的房子(画面占纸张的2/3以上)；“十”字形的窗户；悬空门；单层房子；长方形整齐墙面
data/legend/house/00043_.png,门上有把手；单面的房子；单层房子；屋顶瓦片描绘细致；过大的房子(画面占纸张的2/3以上)；有窥视孔的门；没有画窗户；近处的房子；长方形整齐墙面
data/legend/house/00044_.png,过大的房子(画面占纸张的2/3以上)；单层房子；长方形整齐墙面；“十”字形的窗户；近处的房子；没有烟囱；门上有把手；单面的房子；门是开着的
data/legend/house/00045_.png,大门/门相对于房子显得很大；过大的房子(画面占纸张的2/3以上)；单层房子；门上有把手；门是开着的；方块窗户；长方形整齐墙面；尖屋顶/房子屋顶为锐角；门窗向前开；“X”形的烟囱；单面的房子；近处的房子
data/legend/house/00046_.png,过大的房子(画面占纸张的2/3以上)；近处的房子；“十”字形的窗户；没有烟囱；立体的房子；长方形整齐墙面；房子右侧面；门上有把手；单层房子
data/legend/house/00047_.png,“十”字形的窗户；近处的房子；长方形整齐墙面；没有烟囱；没有门把手；单面的房子；单层房子；过大的房子(画面占纸张的2/3以上)
data/legend/house/00048_.png,没有门把手；单层房子；近处的房子；房子右侧面；立体的房子；没有烟囱；没有画窗户；过大的房子(画面占纸张的2/3以上)；长方形整齐墙面
data/legend/house/00049_.png,单层房子；没有烟囱；长方形整齐墙面；线条加粗的窗户；过大的房子(画面占纸张的2/3以上)；近处的房子；“十”字形的窗户；没有门把手；单面的房子
data/legend/house/00050_.png,方块窗户；单层房子；长方形整齐墙面；立体的房子；没有门把手；过大的房子(画面占纸张的2/3以上)；完全涂黑的窗户；近处的房子；房子右侧面；没有烟囱
data/legend/house/00051_.png,没有烟囱；没有门把手；单层房子；过大的房子(画面占纸张的2/3以上)；长方形整齐墙面；方块窗户；近处的房子；单面的房子
data/legend/house/00052_.png,“十”字形的窗户；近处的房子；对开门/双开门/两个门；侧门；过大的房子(画面占纸张的2/3以上)；单层房子；门上有把手；小的窗子；立体的房子；非常小的门低矮而宽的门/门相对于房子显得很小；没有烟囱；长方形整齐墙面；房子右侧面
data/legend/house/00053_.png,窗形不一，有方有圆；没有烟囱；没有门把手；“十”字形的窗户；单面的房子；近处的房子；长方形整齐墙面；很多窗户；单层房子；过大的房子(画面占纸张的2/3以上)
data/legend/house/00054_.png,近处的房子；很多窗户；单层房子；长方形整齐墙面；单面的房子；“十”字形的窗户；非常小的门低矮而宽的门/门相对于房子显得很小；烟囱画在左边；过大的房子(画面占纸张的2/3以上)；门上有把手
data/legend/house/00055_.png,“十”字形的窗户；方块窗户；没有烟囱；立体的房子；房子左侧面；长方形整齐墙面；近处的房子；单层房子；过大的房子(画面占纸张的2/3以上)；强调房子侧面的窗台；没有门把手
data/legend/house/00056_.png,单层房子；非常小的门低矮而宽的门/门相对于房子显得很小；很多窗户；长方形整齐墙面；方块窗户；小的窗子；单面的房子；没有门把手；近处的房子；烟囱画在左边；过大的房子(画面占纸张的2/3以上)
data/legend/house/00057_.png,立体的房子；没有门把手；两层楼/多层房子；长方形整齐墙面；近处的房子；“十”字形的窗户；过大的房子(画面占纸张的2/3以上)；二层有窗，一层无窗；没有烟囱；房子左侧面
data/legend/house/00058_.png,房屋周围的花草庭院；近处的房子；屋顶瓦片描绘细致；没有烟囱；窗户上锁；过大的房子(画面占纸张的2/3以上)；单面的房子；长方形整齐墙面；外墙污渍；门上有把手；单层房子
data/legend/house/00059_.png,单面的房子；近处的房子；通向左侧道路；方块窗户；窗内的窗帘全部打开或打开一部分；没有烟囱；长方形整齐墙面；单层房子；屋顶较大；过大的房子(画面占纸张的2/3以上)；窗帘；有窥视孔的门；门前有道路；门上有把手
data/legend/house/00060_.png,非常小的门低矮而宽的门/门相对于房子显得很小；窗内的窗帘全部打开或打开一部分；长方形整齐墙面；单面的房子；近处的房子；没有烟囱；门上有把手；单层房子；过大的房子(画面占纸张的2/3以上)；窗帘
data/legend/house/00061_.png,窗帘完全拉上的窗户；没有烟囱；过大的房子(画面占纸张的2/3以上)；立体的房子；房子右侧面；窗帘；长方形整齐墙面；单层房子；没有门把手；近处的房子
data/legend/house/00062_.png,近处的房子；没有烟囱；立体的房子；缺少门(不画门）；房子右侧面；没有门把手；单层房子；过大的房子(画面占纸张的2/3以上)；长方形整齐墙面；“十”字形的窗户
data/legend/house/00063_.png,门上有把手；过大的房子(画面占纸张的2/3以上)；长方形整齐墙面；栅栏样窗户；近处的房子；单层房子；单面的房子；对开门/双开门/两个门
data/legend/house/00064_.png,没有烟囱；近处的房子；“十”字形的窗户；房子右侧面；落地大玻璃；单层房子；门前有道路；长方形整齐墙面；门上有把手；通向左侧道路；过大的房子(画面占纸张的2/3以上)
data/legend/house/00065_.png,强调烟囱；近处的房子；尖屋顶/房子屋顶为锐角；门上有把手；单层房子；单面的房子；长方形整齐墙面；过大的房子(画面占纸张的2/3以上)；“十”字形的窗户
data/legend/house/00066_.png,无法排烟的烟囱；近处的房子；没有门把手；房子左侧面；单层房子；立体的房子；过大的房子(画面占纸张的2/3以上)；“十”字形的窗户；长方形整齐墙面
data/legend/house/00067_.png,近处的房子；立体的房子；倾斜的烟囱；长方形整齐墙面；“十”字形的窗户；房子右侧面；过大的房子(画面占纸张的2/3以上)；没有门把手；单层房子
data/legend/house/00068_.png,单层房子；单面的房子；“十”字形的窗户；长方形整齐墙面；门上有把手；尖屋顶/房子屋顶为锐角；强调烟囱；过大的房子(画面占纸张的2/3以上)；近处的房子
data/legend/house/00069_.png,“十”字形的窗户；长方形整齐墙面；烟囱中放出浓烟；单层房子；过大的房子(画面占纸张的2/3以上)；单面的房子；没有门把手；近处的房子
data/legend/house/00070_.png,没有门把手；大小适中的房子(画面占纸张的1/4到1/3)；烟陡然偏向一方，像是有很大的风一样/横着冒烟；单层房子；近处的房子；长方形整齐墙面；“十”字形的窗户；单面的房子
data/legend/house/00071_.png,没有烟囱；“十”字形的窗户；门前有道路；长方形整齐墙面；路远离房子的一端很宽，接近房子的一端很窄；单面的房子；单层房子；没有门把手
data/legend/house/00072_.png,通向右侧道路；门前有道路；没有门把手；窗内的窗帘全部打开或打开一部分；道路上有石子；立体的房子；窗帘；强调房子侧面的窗台；门窗向前开；路很长，迂回弯曲；长方形整齐墙面；门是开着的；房子左侧面；没有烟囱；对开门/双开门/两个门；单层房子
data/legend/house/00073_.png,路很长，迂回弯曲；没有门把手；单面的房子；长方形整齐墙面；门前有道路；没有烟囱；远处的房子；通向左侧道路；大小适中的房子(画面占纸张的1/4到1/3)；“十”字形的窗户；单层房子
data/legend/house/00074_.png,“十”字形的窗户；大小适中的房子(画面占纸张的1/4到1/3)；远处的房子；通向左侧道路；路远离房子的一端很宽，接近房子的一端很窄；门前有道路；没有门把手；长方形整齐墙面；单层房子；没有烟囱；单面的房子
data/legend/house/00075_.png,没有门把手；“十”字形的窗户；单层房子；单面的房子；过大的房子(画面占纸张的2/3以上)；长方形整齐墙面；近处的房子；通向左侧道路；门前有道路；没有烟囱
data/legend/house/00076_.png,房子没有屋顶或仅仅用连接墙壁的线条充当屋顶；没有门把手；楼梯；单层房子；没有烟囱；方块窗户；过大的房子(画面占纸张的2/3以上)；立体的房子；长方形整齐墙面；小的窗子；近处的房子；房子右侧面；“十”字形的窗户
data/legend/house/00077_.png,立体的房子；通向右侧道路；单层房子；近处的房子；房子右侧面；“十”字形的窗户；没有烟囱；长方形整齐墙面；过大的房子(画面占纸张的2/3以上)；门前有道路；门前的路无法接近房门；门上有把手
data/legend/house/00078_.png,立体的房子；单层房子；没有门把手；长方形整齐墙面；没有烟囱；近处的房子；路在窗下；“十”字形的窗户；房子右侧面
data/legend/house/00079_.png,单层房子；房子没有屋顶或仅仅用连接墙壁的线条充当屋顶；没有烟囱；没有门把手；近处的房子；大门/门相对于房子显得很大；门前有道路；通向左侧道路；长方形整齐墙面；单面的房子；道路上有石子；过大的房子(画面占纸张的2/3以上)；“十”字形的窗户
data/legend/house/00080_.png,没有门把手；单面的房子；近处的房子；过大的房子(画面占纸张的2/3以上)；阳台、露台；两层楼/多层房子；没有烟囱；屋顶较小；长方形整齐墙面；“十”字形的窗户
data/legend/house/00081_.png,“十”字形的窗户；两层楼/多层房子；房子右侧面；阳台、露台；立体的房子；侧门；近处的房子；过大的房子(画面占纸张的2/3以上)；长方形整齐墙面；门上有把手；没有烟囱
data/legend/house/00082_.png,大小适中的房子(画面占纸张的1/4到1/3)；通向右侧道路；道路上有石子；没有烟囱；门前有道路；围墙或水沟；长方形整齐墙面；远处的房子；房子右侧面；单层房子；方块窗户；没有门把手；立体的房子
data/legend/house/00083_.png,没有门把手；房子右侧面；房子没有屋顶或仅仅用连接墙壁的线条充当屋顶；没有烟囱；立体的房子；学校；方块窗户；侧门；过大的房子(画面占纸张的2/3以上)；很多窗户；两层楼/多层房子；近处的房子；旗；长方形整齐墙面
data/legend/house/00084_.png,过大的房子(画面占纸张的2/3以上)；屋檐下的鸟窝；屋顶两侧低垂包裹；长方形整齐墙面；单层房子；门上有把手；近处的房子；单面的房子；“十”字形的窗户
data/legend/house/00085_.png,缺少门(不画门）；立体的房子；没有画窗户；长方形整齐墙面；单层房子；近处的房子；透视的房子；没有烟囱；房子左侧面；没有门把手；过大的房子(画面占纸张的2/3以上)
data/legend/house/00086_.png,围墙或水沟；窗帘；绘制墙壁详细；窗帘完全拉上的窗户；顶墙分开焊接；长方形整齐墙面；近处的房子；烟囱画在左边；砖房；过大的房子(画面占纸张的2/3以上)；烟囱中放出浓烟；单层房子；强调烟囱；一楼有窗，二楼无窗；单面的房子；门上有把手
data/legend/house/00087_.png,没有烟囱；右侧墙壁阴影；房子右侧面；窗内的窗帘全部打开或打开一部分；两层楼/多层房子；对开门/双开门/两个门；立体的房子；屋顶上画房子；长方形整齐墙面；墙面或屋顶的阴影；房子没有屋顶或仅仅用连接墙壁的线条充当屋顶；二层有窗，一层无窗；门窗向前开；墙壁上有装饰；过大的房子(画面占纸张的2/3以上)；窗帘；门是开着的；门上有把手；落地大玻璃；近处的房子
data/legend/house/00088_.png,两层楼/多层房子；很多窗户；缺少门(不画门）；强调房子侧面的窗台；立体的房子；过大的房子(画面占纸张的2/3以上)；长方形整齐墙面；近处的房子；没有烟囱；房子没有屋顶或仅仅用连接墙壁的线条充当屋顶；没有门把手；房子右侧面；方块窗户
data/legend/house/00089_.png,窗帘；尖屋顶/房子屋顶为锐角；屋顶天窗；窗帘完全拉上的窗户；屋顶两侧低垂包裹；长方形整齐墙面；过大的房子(画面占纸张的2/3以上)；很多窗户；强调屋顶/屋顶线较深；单层房子；门上有把手；屋顶涂黑或有阴影；烟囱竖着冒烟；大门/门相对于房子显得很大；小的窗子；单面的房子；烟囱画在左边；近处的房子
data/legend/house/00090_.png,过大的房子(画面占纸张的2/3以上)；古怪的房子（如塔、尖顶等)；单层房子；线条加粗的窗户；没有烟囱；近处的房子；门上有把手；单面的房子；绘制墙壁详细；“十”字形的窗户
data/legend/house/00091_00001.png,对开门/双开门/两个门；没有烟囱；近处的房子；长方形整齐墙面；房子左侧面；门上有把手；方块窗户；侧门；过大的房子(画面占纸张的2/3以上)；道路上有石子；门前有道路；单层房子；立体的房子；墙壁上有装饰
data/legend/house/00092_00002.png,房子左侧面；门是开着的；单层房子；长方形整齐墙面；没有烟囱；海边(湖边、河边)的房子；立体的房子；“十”字形的窗户；大小适中的房子(画面占纸张的1/4到1/3)；没有门把手；近处的房子；房子墙壁在纸的边缘；对开门/双开门/两个门
data/legend/house/00093_00003.png,单层房子；立体的房子；方块窗户；大小适中的房子(画面占纸张的1/4到1/3)；长方形整齐墙面；远处的房子；格子状屋顶/密布“十”字的屋顶；没有烟囱；房屋被树遮挡；没有门把手；房子左侧面
data/legend/house/00094_00004.png,古怪的房子（如塔、尖顶等)；单层房子；大小适中的房子(画面占纸张的1/4到1/3)；对开门/双开门/两个门；门上有把手；近处的房子；单面的房子
data/legend/house/00095_00005.png,单层房子；屋顶两侧低垂包裹；门前有道路；大小适中的房子(画面占纸张的1/4到1/3)；长方形整齐墙面；海边(湖边、河边)的房子；门上有把手；通向左侧道路；门是开着的；立体的房子；远处的房子；屋顶瓦片描绘细致；墙壁上有装饰；没有烟囱；房屋被树遮挡；窗形不一，有方有圆；房子右侧面；房屋周围的花草庭院；对开门/双开门/两个门
data/legend/house/00096_00006.png,立体的房子；围墙或水沟；“十”字形的窗户；近处的房子；强调房子侧面的窗台；单层房子；道路上有石子；没有门把手；通向左侧道路；房屋周围的花草庭院；屋顶天窗；门前有道路；很多窗户；没有烟囱；大小适中的房子(画面占纸张的1/4到1/3)；路远离房子的一端很宽，接近房子的一端很窄；长方形整齐墙面
data/legend/house/00097_00007.png,单层房子；绘制墙壁详细；“十”字形的窗户；栅栏；屋顶较大；立体的房子；没有烟囱；强调屋顶/屋顶线较深；屋顶两侧低垂包裹；门是开着的；远处的房子；对开门/双开门/两个门；门上有把手；屋顶瓦片描绘细致；大小适中的房子(画面占纸张的1/4到1/3)；房子右侧面
data/legend/house/00098_00008.png,门前有道路；房子右侧面；屋顶瓦片描绘细致；路很长，迂回弯曲；单层房子；大小适中的房子(画面占纸张的1/4到1/3)；没有门把手；房屋周围的花草庭院；长方形整齐墙面；“十”字形的窗户；立体的房子；道路上有石子；对开门/双开门/两个门；远处的房子
data/legend/house/00099_00009.png,房子右侧面；侧门；屋顶天窗；大小适中的房子(画面占纸张的1/4到1/3)；门前有道路；方块窗户；墙壁上有装饰；长方形整齐墙面；没有烟囱；远处的房子；对开门/双开门/两个门；通向右侧道路；门上有把手；立体的房子；单层房子
data/legend/house/00100_00010.png,房屋周围的花草庭院；窗内的窗帘全部打开或打开一部分；门上有把手；门前有道路；墙壁上有装饰；通向右侧道路；长方形整齐墙面；屋顶较大；窗帘；大小适中的房子(画面占纸张的1/4到1/3)；屋顶瓦片描绘细致；大门/门相对于房子显得很大；栅栏；高的台阶；近处的房子；单层房子；无法排烟的烟囱；立体的房子
data/legend/tree/00001_.png,封闭式树冠；没有画出树枝；单一线条的树；纸中间描画的树；树干顶部内收；没有果实；简单的树；云状树冠
data/legend/tree/00002_.png,树干顶部内收；单一线条的树；没有果实；树冠向左倾斜；封闭式树冠；云状树冠；无地平线；没有画出树枝；简单的树；树干根部呈漏斗状，上部平行
data/legend/tree/00003_.png,弯曲的树干；纸中间描画的树；复杂的树；开放树干一树枝连接型；向两侧伸出树杈的树枝；树枝的组合和谐；无地平线；树干有疤痕；没有果实；柳树；杨柳状下垂的树枝；开放式树冠；放射状的树枝
data/legend/tree/00004_.png,没有画出树枝；比较平坦的树根；尖形树冠；树干顶部内收；封闭式树冠；树皮涂黑；在根基础部画出根的附着状；没有果实；复杂的树；树干根部呈漏斗状，上部平行；松树
data/legend/tree/00005_.png,比较平坦的树根；简单的树；封闭式树冠；圆而饱满的树冠；树干长，树冠短；直且平行的树干；没有果实；没有画出树枝
data/legend/tree/00006_00001.png,云状树冠；封闭式树冠；树干有疤痕；比较平坦的树根；纸右上方的树；简单的树；花瓶型树干；无地平线；没有果实；树冠右侧被切断；没有画出树枝
data/legend/tree/00007_.png,简单的树；无地平线；云状树冠；花瓶型树干；没有画出树枝；没有果实；封闭式树冠；树向左倾斜；圆而饱满的树冠
data/legend/tree/00008_.png,没有画出树枝；没有果实；云状树冠；圆而饱满的树冠；封闭式树冠；无地平线；树向右倾斜；树干根部呈漏斗状，上部平行；简单的树
data/legend/tree/00009_.png,树冠向右倾斜；没有果实；没有画出树枝；云状树冠；树干根部呈漏斗状，上部平行；单一线条的树；封闭式树冠；简单的树；树干顶部内收；无地平线
data/legend/tree/00010_.png,简单的树；路径很明确的树枝；树干树枝连接且中空；放射状的树枝；封闭式树冠；树干根部呈漏斗状，上部平行；树干小，树冠大；管状树枝；圆而饱满的树冠；树过大；没有果实；无地平线
data/legend/tree/00011_.png,没有画出树枝；无地平线；半封闭型树冠；大树叶；比较平坦的树根；树干细；树干长，树冠短；没有果实；复杂的树；树干根部呈漏斗状，上部平行
data/legend/tree/00012_.png,树枝的组合和谐；没有果实；对称的枝条和树叶；树干顶部内收；松树；树皮仔细描绘；复杂的树；树过大；强调树干；尖形树冠；横向生长的树枝
data/legend/tree/00013_.png,白杨树；封闭式树冠；树干细；没有果实；尖形树冠；树干顶部内收；封闭树冠，散乱着一些树叶；树干有疤痕
data/legend/tree/00014_.png,放射状的树枝；没有果实；简单的树；树干细；树枝的组合和谐；放射式树冠；柳树；树过大；树干顶部内收；无地平线；树干树枝连接且中空；杨柳状下垂的树枝
data/legend/tree/00015_.png,树过大；没有果实；复杂的树；没有画出树枝；圣诞树；无地平线；树干小，树冠大；直且平行的树干；尖形树冠；各种附件、装饰品(鸟舍、喂食盆、巢、鸟儿、梯子、小器具、篮子、挂在树上的心形物、树干上的小叶子等)；树干细
data/legend/tree/00016_.png,比树干粗的树枝；椰子树；直且平行的树干；大树叶；树干细；树过大；树枝的组合和谐；非封闭涂有阴影的树冠；放射状的树枝；有果实；树向左倾斜；复杂的树；树根紧挨地平线；放射式树冠；路径很明确的树枝
data/legend/tree/00017_.png,没有果实；在根基础部画出根的附着状；竹子；树枝的组合和谐；树向左倾斜；树干细；复杂的树；路径很明确的树枝；茂密的树叶；大树叶；树干顶部内收；向两侧伸出树杈的树枝；无地平线；树干根部呈漏斗状，上部平行；放射状的树枝
data/legend/tree/00018_.png,没有画出树枝；简单的树；果树；树干根部呈漏斗状，上部平行；无地平线；树干粗壮；有果实；云状树冠；树干顶部内收；封闭式树冠；树过大；圆而饱满的树冠
data/legend/tree/00019_.png,树干根部呈漏斗状，上部平行；放射式树冠；树过大；有花朵的树；树干顶部内收；树干粗壮；云状树冠；无地平线；没有果实；没有画出树枝；封闭式树冠
data/legend/tree/00020_.png,树干粗壮；树干根部呈漏斗状，上部平行；复杂的树；没有树叶；树枝的组合和谐；树干有疤痕；放射状的树枝；没有果实；树枝在树干底部生长；开放树干一树枝连接型；树木描绘中的树根显示出爪状根；无地平线；枯树
data/legend/tree/00021_.png,无地平线；开放树干一树枝连接型；小树叶；树枝在树干底部生长；没有果实；树干细；枯树；树干有疤痕；树皮仔细描绘；复杂的树；树枝的组合不和谐；枯树树干上长出新芽；直且平行的树干；放射状的树枝；开放式树冠，稀少的树叶
data/legend/tree/00022_.png,封闭式树冠；树干根部呈漏斗状，上部平行；树干顶部内收；简单的树；树根紧挨地平线；没有果实
data/legend/tree/00023_.png,树干根部呈漏斗状，上部平行；双线条画树枝；纸中间描画的树；树过大；路径很明确的树枝；树干细；树干顶部内收；复杂的树；开放式树冠；小树叶；树干小，树冠大；开放树干一树枝连接型；树枝的组合和谐；放射状的树枝；茂密的树叶；向两侧伸出树杈的树枝；各种附件、装饰品(鸟舍、喂食盆、巢、鸟儿、梯子、小器具、篮子、挂在树上的心形物、树干上的小叶子等)；树冠左侧被切断；树冠上侧被切断
data/legend/tree/00024_.png,在根基础部画出根的附着状；开放式树冠；纸中间描画的树；树枝的组合和谐；路径很明确的树枝；单线条的树干；树干和树枝都是单线条；树干细；简单的树；大树叶；放射状的树枝；修剪整齐的树；无地平线
data/legend/tree/00025_.png,向上生长的树枝；对称的枝条和树叶；路径很明确的树枝；树干细；无地平线；树过小；树干根部呈漏斗状，上部平行；云状树冠；没有果实；树干树枝连接且中空；树枝的组合和谐；树干长，树冠短；双线条画树枝；管状树枝；向两侧伸出树杈的树枝；简单的树；封闭式树冠
data/legend/tree/00026_.png,树干树枝连接且中空；圆而饱满的树冠；无地平线；树过大；放射状的树枝；树枝的组合和谐；没有果实；半封闭型树冠；花瓶型树干；简单的树；云状树冠
data/legend/tree/00027_.png,封闭式树冠；圆而饱满的树冠；云状树冠；树干小，树冠大；无地平线；被小树环绕的大树；树干顶部内收；简单的树；没有果实；没有画出树枝；两棵以上的有远近感的树
data/legend/tree/00028_.png,树围绕着房屋；没有果实；圆而饱满的树冠；两棵以上的有远近感的树；无地平线；封闭式树冠；简单的树；直且平行的树干；树干小，树冠大；没有画出树枝
data/legend/tree/00029_.png,圆而饱满的树冠；云状树冠；简单的树；没有画出树枝；用围栏、石头围起来的树；没有果实；封闭式树冠；花瓶型树干；无地平线
data/legend/tree/00030_.png,两棵同样的树；无地平线；树干根部呈漏斗状，上部平行；简单的树；没有果实；树干小，树冠大；没有画出树枝；云状树冠；封闭式树冠
data/legend/tree/00031_.png,没有果实；两棵不一样的树；树干根部呈漏斗状，上部平行；无地平线；圆而饱满的树冠；没有画出树枝；封闭式树冠；简单的树；尖形树冠
data/legend/tree/00032_.png,树干根部呈漏斗状，上部平行；无地平线；简单的树；封闭式树冠；没有画出树枝；云状树冠；没有果实；两棵以上的有远近感的树
data/legend/tree/00033_.png,树枝的组合和谐；树干根部呈漏斗状，上部平行；没有果实；比较平坦的树根；放射状的树枝；云状树冠；无地平线；封闭式树冠；树右侧的投影(地面线之上)；在根基础部画出根的附着状；路径很明确的树枝；树干粗壮；圆而饱满的树冠；简单的树；管状树枝；树干树枝连接且中空
data/legend/tree/00034_.png,树木描绘中的树根显示出爪状根；简单的树；没有果实；树干树枝连接且中空；直且平行的树干；树根比其他部分大；树干小，树冠大；路径很明确的树枝；树左侧的投影(地面线之上)；圆而饱满的树冠；向上生长的树枝；管状树枝；对称的枝条和树叶；树枝的组合和谐；封闭式树冠；无地平线；在根基础部画出根的附着状；树干细
data/legend/tree/00035_.png,树枝的组合和谐；开放树干一树枝连接型；没有果实；路径很明确的树枝；树过大；花瓶型树干；复杂的树；云状树冠；圆而饱满的树冠；半封闭型树冠；放射状的树枝；无地平线
data/legend/tree/00036_.png,树干粗壮；花瓶型树干；开放树干一树枝连接型；放射状的树枝；没有果实；路径很明确的树枝；树枝的组合和谐；放射式树冠；复杂的树；无地平线
data/legend/tree/00037_.png,树过大；单线条的树干；杨柳状下垂的树枝；纸中间描画的树；放射状的树枝；树枝的组合和谐；放射式树冠；树根紧挨地平线；茂密的树叶；树枝在树干底部生长；路径很明确的树枝；复杂的树；树干细；没有果实；小树叶
data/legend/tree/00038_.png,没有画出树枝；多椭圆形树冠；没有果实；简单的树；纸中间描画的树；开放式树冠；树干小，树冠大；无地平线；直且平行的树干；树干细
data/legend/tree/00039_.png,简单的树；树干根部呈漏斗状，上部平行；没有画出树枝；封闭式树冠；云状树冠；没有果实；无地平线；纸中间描画的树
data/legend/tree/00040_.png,树干细；没有果实；树干根部呈漏斗状，上部平行；树根紧挨地平线；纸中间描画的树；简单的树；没有画出树枝；压扁的树冠；封闭式树冠；树干长，树冠短
data/legend/tree/00041_.png,没有果实；无地平线；直且平行的树干；没有画出树枝；尖形树冠；简单的树；树干粗壮；封闭式树冠
data/legend/tree/00042_.png,树干小，树冠大；直且平行的树干；封闭式树冠；无地平线；简单的树；树干细；没有画出树枝；没有果实；桃心形的树冠
data/legend/tree/00043_.png,纸中间描画的树；简单的树；树干细；没有果实；圆而饱满的树冠；强调树冠；树干长，树冠短；无地平线；没有画出树枝；封闭涂有阴影的树冠；树干根部呈漏斗状，上部平行；封闭式树冠
data/legend/tree/00044_.png,树墩形的树干；没有树叶；没有果实；树皮仔细描绘；纸中间描画的树；没有画出树枝；无地平线
data/legend/tree/00045_.png,没有树叶；树干细；单线条的树干；没有果实；无地平线；树枝的组合和谐；开放式树冠；单一线条的树；对称的枝条和树叶；放射状的树枝；路径很明确的树枝；树干和树枝都是单线条；简单的树
data/legend/tree/00046_.png,开放式树冠，稀少的树叶；开放树干一树枝连接型；树枝的组合和谐；大树叶；有花朵的树；树枝在树干底部生长；没有果实；路径很明确的树枝；放射状的树枝；放射式树冠；无地平线；树干顶部内收；开放式树冠；简单的树
data/legend/tree/00047_.png,花瓶型树干；树干树枝连接且中空；放射状的树枝；树枝的组合和谐；无地平线；圆而饱满的树冠；封闭式树冠；树干粗壮；路径很明确的树枝；简单的树；没有果实
data/legend/tree/00048_.png,开放树干一树枝连接型；树枝的组合和谐；封闭式树冠；树干小，树冠大；放射状的树枝；树干粗壮；简单的树；树枝在树干底部生长；圆而饱满的树冠；路径很明确的树枝；没有果实；无地平线；花瓶型树干
data/legend/tree/00049_.png,没有画出树枝；简单的树；封闭式树冠；树干粗壮；云状树冠；树皮仔细描绘；无地平线；没有果实；树干树枝连接且中空
data/legend/tree/00050_.png,放射式树冠；封闭式树冠；圆而饱满的树冠；花瓶型树干；没有画出树枝；无地平线；纸中间描画的树；树干粗壮；比较平坦的树根；没有果实；简单的树
data/legend/tree/00051_.png,无地平线；没有画出树枝；直且平行的树干；封闭式树冠；在根基础部画出根的附着状；云状树冠；树根比其他部分大；没有果实；简单的树
data/legend/tree/00052_.png,树枝在树干底部生长；花瓶型树干；树干有疤痕；比较平坦的树根；复杂的树；放射状的树枝；云状树冠；圆而饱满的树冠；树枝的组合和谐；在根基础部画出根的附着状；没有果实；路径很明确的树枝；半封闭型树冠；无地平线
data/legend/tree/00053_.png,树干粗壮；压扁的树冠；树皮仔细描绘；封闭式树冠；树干长，树冠短；直且平行的树干；双线条画树枝；没有果实；管状树枝；路径很明确的树枝；各种附件、装饰品(鸟舍、喂食盆、巢、鸟儿、梯子、小器具、篮子、挂在树上的心形物、树干上的小叶子等)；云状树冠；树枝的组合不和谐；树根紧挨地平线；复杂的树；放射状的树枝；树干树枝连接且中空；在根基础部画出根的附着状
data/legend/tree/00054_.png,没有果实；枯树；树枝的组合不和谐；放射状的树枝；树冠向右倾斜；无地平线；树干长，树冠短；开放树干一树枝连接型；直且平行的树干；开放式树冠；树干粗壮
data/legend/tree/00055_.png,放射式树冠；简单的树；没有树叶；对称的枝条和树叶；向上生长的树枝；没有果实；直且平行的树干；双线条画树枝；向两侧伸出树杈的树枝；树枝的组合和谐；纸中间描画的树；开放树干一树枝连接型；无地平线；放射状的树枝；路径很明确的树枝
data/legend/tree/00056_.png,茂密的树叶；修剪整齐的树；对称的枝条和树叶；小树叶；没有果实；树枝的组合和谐；路径很明确的树枝；放射式树冠；复杂的树；树干顶部内收；向上生长的树枝
data/legend/tree/00057_.png,开放树干一树枝连接型；横向生长的树枝；树干长，树冠短；没有果实；对称的枝条和树叶；茂密的树叶；树干根部呈漏斗状，上部平行；无地平线；树枝的组合和谐；小树叶；路径很明确的树枝；放射式树冠；放射状的树枝；复杂的树
data/legend/tree/00058_.png,没有果实；直且平行的树干；杨柳状下垂的树枝；放射式树冠；树干树枝连接且中空；树枝的组合和谐；茂密的树叶；柳树；无地平线；小树叶；复杂的树
data/legend/tree/00059_.png,无地平线；花瓶型树干；管状树枝；树枝的组合不和谐；树干树枝连接且中空；路径很明确的树枝；云状树冠；封闭式树冠；简单的树；没有果实；向上生长的树枝；树冠向右倾斜；树枝朝向太阳
data/legend/tree/00060_.png,开放式树冠；无地平线；树干根部呈漏斗状，上部平行；向上生长的树枝；树冠向左倾斜；简单的树；没有果实；树枝背向太阳；开放树干一树枝连接型；树干粗壮；树枝的组合和谐
data/legend/tree/00061_.png,向两侧伸出树杈的树枝；对称的枝条和树叶；没有果实；双线条画树枝；无地平线；直且平行的树干；封闭式树冠；强调树根；开放树干一树枝连接型；树干细；圆而饱满的树冠；简单的树
data/legend/tree/00062_.png,路径很明确的树枝；花瓶型树干；放射状的树枝；没有果实；树干树枝连接且中空；树干粗壮；树枝的组合和谐；封闭式树冠；圆而饱满的树冠；无地平线
data/legend/tree/00063_.png,向两侧伸出树杈的树枝；树枝的组合和谐；没有果实；树干树枝连接且中空；树枝在树干底部生长；树过大；放射状的树枝；无地平线；树干细；路径很明确的树枝；树干小，树冠大；管状树枝；封闭式树冠；云状树冠；直且平行的树干
data/legend/tree/00064_.png,放射状的树枝；树枝在树干底部生长；对称的枝条和树叶；简单的树；双线条画树枝；没有果实；路径很明确的树枝；开放树干一树枝连接型；树枝的组合和谐；向两侧伸出树杈的树枝；放射式树冠；无地平线；没有树叶；花瓶型树干
data/legend/tree/00065_.png,用波浪线代表树枝；树枝的组合和谐；开放树干一树枝连接型；没有果实；圆而饱满的树冠；放射状的树枝；树干根部呈漏斗状，上部平行；无地平线；封闭式树冠；简单的树
data/legend/tree/00066_.png,复杂的树；开放树干一树枝连接型；树过大；纸左上方的树；放射状的树枝；树根比其他部分大；直且平行的树干；开放式树冠；小树叶；树枝的组合和谐；树枝在树干底部生长；树皮仔细描绘；无地平线；在根基础部画出根的附着状；路径很明确的树枝；没有果实；放射式树冠
data/legend/tree/00067_.png,直且平行的树干；向两侧伸出树杈的树枝；无地平线；圆而饱满的树冠；对称的枝条和树叶；没有果实；封闭式树冠；在根基础部画出根的附着状；树枝的组合和谐；强调树冠；树干细；简单的树；开放树干一树枝连接型；双线条画树枝
data/legend/tree/00068_.png,对称的枝条和树叶；开放树干一树枝连接型；没有果实；复杂的树；开放式树冠；路径很明确的树枝；树干顶部内收；放射状的树枝；大树叶；树枝的组合和谐；半封闭型树冠；树根紧挨地平线；强调树干
data/legend/tree/00069_.png,圆而饱满的树冠；树根紧挨地平线；树干根部呈漏斗状，上部平行；树干细；大树叶；没有果实；茂密的树叶；没有画出树枝；复杂的树；反复描绘地面线；封闭式树冠
data/legend/tree/00070_.png,小树叶；树干长，树冠短；路径很明确的树枝；无地平线；没有果实；树枝的组合和谐；开放树干一树枝连接型；树干细；开放式树冠，稀少的树叶；简单的树；开放式树冠；放射状的树枝；双线条画树枝；树干根部呈漏斗状，上部平行
data/legend/tree/00071_.png,直且平行的树干；树干细；复杂的树；茂密的树叶；树干长，树冠短；没有果实；放射式树冠；树根紧挨地平线；开放式树冠；路径很明确的树枝；对称的枝条和树叶；大树叶；放射状的树枝；开放树干一树枝连接型；树枝的组合和谐；纸中间描画的树
data/legend/tree/00072_.png,没有果实；落叶；小树叶；无地平线；树干细；封闭式树冠；树干根部呈漏斗状，上部平行；简单的树；没有画出树枝
data/legend/tree/00073_.png,没有画出树枝；圆而饱满的树冠；树干根部呈漏斗状，上部平行；果树；封闭式树冠；纸中间描画的树；树干细；简单的树；比较平坦的树根；树根紧挨地平线；有果实；树干小，树冠大
data/legend/tree/00074_.png,管状树枝；有果实；复杂的树；云状树冠；树干树枝连接且中空；放射状的树枝；花瓶型树干；树枝的组合和谐；路径很明确的树枝；无地平线；有花朵的树；封闭式树冠；果树
data/legend/tree/00075_.png,封闭式树冠；云状树冠；无地平线；树干树枝连接且中空；花瓶型树干；圆而饱满的树冠；路径很明确的树枝；各种附件、装饰品(鸟舍、喂食盆、巢、鸟儿、梯子、小器具、篮子、挂在树上的心形物、树干上的小叶子等)；果树；放射状的树枝；复杂的树；有果实；树枝的组合和谐；管状树枝
data/legend/tree/00076_.png,管状树枝；放射状的树枝；小树叶；开放树干一树枝连接型；花瓶型树干；封闭树冠，散乱着一些树叶；复杂的树；圆而饱满的树冠；封闭式树冠；路径很明确的树枝；树枝的组合和谐；云状树冠；树干树枝连接且中空；无地平线；落叶；没有果实
data/legend/tree/00077_.png,复杂的树；大树叶；树枝的组合和谐；放射状的树枝；路径很明确的树枝；圆而饱满的树冠；花瓶型树干；封闭式树冠；管状树枝；树干树枝连接且中空；云状树冠；茂密的树叶；无地平线；没有果实
data/legend/tree/00078_.png,复杂的树；封闭树冠，散乱着一些树叶；没有果实；放射状的树枝；树枝的组合和谐；路径很明确的树枝；圆而饱满的树冠；树干粗壮；云状树冠；花瓶型树干；管状树枝；大树叶；无地平线；树干树枝连接且中空；封闭式树冠
data/legend/tree/00079_.png,树干树枝连接且中空；封闭式树冠；没有果实；封闭树冠，散乱着一些树叶；圆而饱满的树冠；放射状的树枝；复杂的树；云状树冠；路径很明确的树枝；树枝的组合和谐；花瓶型树干；管状树枝；大树叶；树过大；无地平线
data/legend/tree/00080_.png,封闭式树冠；复杂的树；树枝的组合和谐；树干树枝连接且中空；路径很明确的树枝；无地平线；圆而饱满的树冠；花瓶型树干；云状树冠；管状树枝；没有果实；放射状的树枝；树过大；封闭树冠，散乱着一些树叶；小树叶
data/legend/tree/00081_.png,直且平行的树干；封闭式树冠；没有果实；云状树冠；简单的树；树干细；圆而饱满的树冠；没有画出树枝；无地平线；有支撑物的树
data/legend/tree/00082_.png,封闭树冠，散乱着一些树叶；树过大；树枝的组合和谐；封闭式树冠；无地平线；大树叶；圆而饱满的树冠；没有果实；路径很明确的树枝；树干粗壮；花瓶型树干；云状树冠；放射状的树枝；树干树枝连接且中空；复杂的树；管状树枝
data/legend/tree/00083_.png,管状树枝；没有树叶；开放式树冠；没有果实；路径很明确的树枝；树干根部呈漏斗状，上部平行；封闭涂有阴影的树冠；枯树；树枝的组合和谐；复杂的树；放射状的树枝；树干树枝连接且中空；无地平线；在根基础部画出根的附着状；树皮仔细描绘；横向生长的树枝；强调树根
data/legend/tree/00084_.png,放射式树冠；圆而饱满的树冠；在根基础部画出根的附着状；无地平线；比较平坦的树根；树干根部呈漏斗状，上部平行；简单的树；封闭式树冠；没有果实
data/legend/tree/00085_.png,复杂的树；放射式树冠；树干根部呈漏斗状，上部平行；封闭式树冠；树干树枝连接且中空；有果实；树干有疤痕；没有画出树枝；树干粗壮；无地平线；果树；尖形树冠
data/legend/tree/00086_.png,茂密的树叶；树干长，树冠短；复杂的树；树干有疤痕；树干顶部内收；开放式树冠；树枝的组合和谐；放射式树冠；大树叶；路径很明确的树枝；两棵不一样的树；没有果实；树根紧挨地平线；放射状的树枝
data/legend/tree/00087_.png,直且平行的树干；简单的树；有果实；封闭式树冠；无地平线；没有画出树枝；尖形树冠；果树
data/legend/tree/00088_.png,没有果实；管状树枝；放射状的树枝；无地平线；弯曲的树干；在根基础部画出根的附着状；双线条画树枝；多椭圆形树冠；复杂的树；向两侧伸出树杈的树枝；树干长，树冠短；树枝的组合和谐；树皮仔细描绘；大树叶；开放树干一树枝连接型；茂密的树叶
data/legend/tree/00089_.png,树枝的组合和谐；树皮仔细描绘；枯树树干上长出新芽；开放式树冠，稀少的树叶；复杂的树；树木描绘中的树根显示出爪状根；树干有疤痕；路径很明确的树枝；无地平线；没有果实；树干树枝连接且中空；开放树干一树枝连接型；放射状的树枝；枯树；弯曲的树干
data/legend/tree/00090_.png,树枝在树干底部生长；云状树冠；路径很明确的树枝；压扁的树冠；树干树枝连接且中空；树枝的组合和谐；树干顶部内收；树干长，树冠短；各种附件、装饰品(鸟舍、喂食盆、巢、鸟儿、梯子、小器具、篮子、挂在树上的心形物、树干上的小叶子等)；树根紧挨地平线；放射状的树枝；管状树枝；在根基础部画出根的附着状；没有果实；封闭式树冠
data/legend/tree/00091_.png,树干根部呈漏斗状，上部平行；封闭式树冠；路径很明确的树枝；树干树枝连接且中空；树干粗壮；果树；放射状的树枝；无地平线；树干有疤痕；树冠向左倾斜；有果实；树枝的组合和谐；放射式树冠；复杂的树；云状树冠；圆而饱满的树冠；管状树枝；在根基础部画出根的附着状
data/legend/tree/00092_.png,复杂的树；树枝的组合和谐；树干顶部内收；无地平线；放射状的树枝；路径很明确的树枝；对称的枝条和树叶；各种附件、装饰品(鸟舍、喂食盆、巢、鸟儿、梯子、小器具、篮子、挂在树上的心形物、树干上的小叶子等)；云状树冠；树木描绘中的树根显示出爪状根；向两侧伸出树杈的树枝；管状树枝；没有果实；树干树枝连接且中空；树干粗壮；树根比其他部分大；树干有疤痕；封闭式树冠
data/legend/tree/00093_00002.png,简单的树；纸中间描画的树；大树叶；放射式树冠；有果实；没有画出树枝；椰子树；树枝的组合和谐；树干长，树冠短；直且平行的树干；树皮仔细描绘；两棵同样的树
data/legend/tree/00094_00003.png,没有果实；树根紧挨地平线；云状树冠；封闭涂有阴影的树冠；封闭式树冠；没有画出树枝；纸左上方的树；花瓶型树干；强调树冠；两棵不一样的树
data/legend/tree/00095_00003.png,纸右上方的树；两棵不一样的树；封闭涂有阴影的树冠；树根紧挨地平线；树干顶部内收；强调树冠；封闭式树冠；云状树冠；没有果实；没有画出树枝
data/legend/tree/00096_00004.png,树枝的组合和谐；纸左上方的树；简单的树；开放树干一树枝连接型；单线条的树干；树根紧挨地平线；路径很明确的树枝；大树叶；没有果实；放射状的树枝；放射式树冠；向上生长的树枝；树干和树枝都是单线条
data/legend/tree/00097_00005.png,树干粗壮；无地平线；树枝的组合和谐；两棵以上的有远近感的树；云状树冠；没有果实；双线条画树枝；开放树干一树枝连接型；路径很明确的树枝；半封闭型树冠；各种附件、装饰品(鸟舍、喂食盆、巢、鸟儿、梯子、小器具、篮子、挂在树上的心形物、树干上的小叶子等)；树冠左侧被切断；花瓶型树干；放射状的树枝；纸左上方的树；两棵不一样的树；在根基础部画出根的附着状
data/legend/tree/00098_00005.png,两棵以上的有远近感的树；在根基础部画出根的附着状；树干根部呈漏斗状，上部平行；两棵不一样的树；纸右上方的树；杨柳状下垂的树枝；树向左倾斜；放射状的树枝；无地平线；开放式树冠；树枝的组合和谐；茂密的树叶；柳树；开放树干一树枝连接型
data/legend/tree/00099_00006.png,放射式树冠；没有果实；开放树干一树枝连接型；路径很明确的树枝；枯树；树木描绘中的树根显示出爪状根；树皮仔细描绘；放射状的树枝；树枝的组合和谐；直且平行的树干；强调树根；树根比其他部分大；树冠右侧被切断；向两侧伸出树杈的树枝；强调树干；树皮涂黑；纸右上方的树；无地平线；开放式树冠
data/legend/tree/00100_00007.png,没有果实；无地平线；封闭涂有阴影的树冠；云状树冠；没有画出树枝；直且平行的树干；简单的树；封闭式树冠；纸右上方的树
data/legend/tree/00101_00008.png,树干粗壮；大树叶；两棵以上的有远近感的树；树干有疤痕；没有果实；双线条画树枝；放射状的树枝；路径很明确的树枝；树干顶部内收；纸右上方的树；树枝的组合和谐；修剪整齐的树；开放式树冠；开放式树冠，稀少的树叶；无地平线
data/legend/tree/00102_00009.png,树枝的组合和谐；花瓶型树干；无地平线；放射状的树枝；封闭式树冠；树干粗壮；树皮仔细描绘；路径很明确的树枝；树干树枝连接且中空；以纸张的边缘作为地平线的树；树冠左侧被切断；简单的树；没有果实；云状树冠；纸左上方的树
data/legend/tree/00103_00010.png,树干树枝连接且中空；纸左下方的树；双线条画树枝；封闭式树冠；没有果实；放射状的树枝；封闭涂有阴影的树冠；树干有疤痕；云状树冠；树枝的组合和谐；无地平线；向两侧伸出树杈的树枝；路径很明确的树枝；直且平行的树干；树干根部平行，上部粗状
data/legend/human/00001_.png,正面像人物；嘴角上扬；尖而小的脚；手大；不对称手臂；胳膊长，强壮；腿长；长鼻子；嘴适中；人结构齐全和谐；左右不一样的腿；短发；鞋子；正常的眉毛；脖子细长；瓜子脸；人物是在活动的；人比较瘦
data/legend/human/00002_.png,人物缺乏结构化和整体性；眼睛大；正面像人物；尖而小的脚；脖子细长；头很大（相对躯体）；耳朵过大；国字脸；修长眼；双眼不对称；头发向上；不对称手臂；腿短；两眼间距很窄；没有眉毛（男性）；短发；肩膀窄；首饰；腿细；鞋子；头发浓密；左右不一样的腿
data/legend/human/00003_.png,头发多个方向；正面像人物；正常的眉毛；嘴大；没有脖子；短发；瓜子脸；嘴角上扬；尖鼻子；眼珠正中；修长眼；鼻子朝左
data/legend/human/00004_.png,修长眼；腿细；正面像人物；短发；鼻子朝左；头发稀疏；只画三根头发；头发向上；头很大（相对躯体）；正常的眉毛；嘴角上扬；圆圆的脸；人结构齐全和谐；眼睛大；嘴大
data/legend/human/00005_.png,尖领；脖子细长；鼻子朝左；国字脸；正面像人物；嘴适中；手及手臂放在身后/手藏起来；一大一小的脚；裙子；头发浓密；正常的眉毛；眼珠正中；修长眼；嘴角上扬；人比较瘦；眼睛大；人结构齐全和谐；头发十分细致的描绘
data/legend/human/00006_.png,鞋子；处于纸的最下部；衣服画得十分仔细，描绘了衣服的花边、领带上的细致花纹等；国字脸；眉毛长；嘴适中；脖子细长；短发；人物坐在椅子里；人比较瘦；一字型嘴巴；画扣子；腿长；人结构齐全和谐；正面像人物；正常的眉毛
data/legend/human/00007_.png,头发向上；眉毛短；没有脖子；眼睛大；短发；倾斜的人物/人物倾斜度大于15度；侧面像人物；圆形眼睛；头发稀疏；人物是在活动的；人结构齐全和谐；正常的眉毛；嘴角上扬
data/legend/human/00008_.png,正面像人物；衣服画得十分仔细，描绘了衣服的花边、领带上的细致花纹等；尖领；头发凌乱；短发；手贴着身体；手涂黑；人结构齐全和谐；嘴适中
data/legend/human/00009_.png,正常的眉毛；瓜子脸；头发十分细致的描绘；正面像人物；圆形眼睛；裙子；人结构齐全和谐；处于纸的最下部；人比较瘦；张开的嘴巴；人在左侧面；人物是在活动的
data/legend/human/00010_.png,嘴适中；圆圆的脸；长鼻子；没有脖子；裙子；正面像人物；没有眉毛（男性）；嘴角上扬；衣服画得十分仔细，描绘了衣服的花边、领带上的细致花纹等；手臂在胸前；人结构齐全和谐；鞋子
data/legend/human/00011_.png,没有脖子；没有眉毛（男性）；人物是在活动的；帽子；侧面像人物；张开的嘴巴；嘴角上扬；人结构齐全和谐；圆形眼睛；鞋子
data/legend/human/00012_.png,圆领；手贴着身体；人比较胖；鞋子；嘴角上扬；短发；正常的眉毛；圆形眼睛；两眼间距很宽；人结构齐全和谐；嘴大；正面像人物；腿短；人非常大/巨大人像；圆圆的脸；肩膀窄；没有脖子
data/legend/human/00013_.png,眉毛短；人结构齐全和谐；头发十分细致的描绘；腿细；头很大（相对躯体）；两眼间距很宽；尖领；正面像人物；处于纸的最下部；嘴小；衣服画得十分仔细，描绘了衣服的花边、领带上的细致花纹等；手贴着身体；人非常大/巨大人像；修长眼；一大一小的脚；头发浓密；瓜子脸；一字型嘴巴；眼睛小；没有脖子；正常的眉毛；手小
data/legend/human/00014_.png,人结构齐全和谐；头发向上；只画三根头发；嘴角上扬；嘴适中；两眼间距很窄；脖子细长；鼻子朝左；人物涂黑；正面像人物；短发；头面部涂黑；修长眼；头发稀疏；正常的眉毛
data/legend/human/00015_.png,头发十分细致的描绘；长鼻子；嘴大；正常的眉毛；鼻子朝左；正面像人物；没有脖子；张开的嘴巴；圆圆的脸；短发
data/legend/human/00016_.png,正面像人物；张开的嘴巴；头发浓密；短发；国字脸；眼珠正中；头发十分细致的描绘；鼻子朝左；正常的眉毛；嘴适中；眉毛长；没有脖子
data/legend/human/00017_.png,张开的嘴巴；没有脖子；嘴角上扬；短发；鼻子朝左；眼珠正中；瓜子脸；正面像人物；长鼻子；头发十分细致的描绘；头发浓密；正常的眉毛；嘴适中
data/legend/human/00018_.png,正常的眉毛；张开的嘴巴；正面像人物；头发十分细致的描绘；头发浓密；短鼻子；圆圆的脸；短发；头很大（相对躯体）；鼻子朝左；脖子短粗；耸肩；嘴角上扬；眼珠正中；嘴适中
data/legend/human/00019_.png,耳朵过小；嘴角上扬；脖子细长；头很小（相对躯体）；圆领；正常的眉毛；衣服画得十分仔细，描绘了衣服的花边、领带上的细致花纹等；国字脸；眉毛短；只画三根头发；嘴适中；短发；正面像人物；头发稀疏；头发向上
data/legend/human/00020_.png,头很大（相对躯体）；头发稀疏；脖子细长；圆领；嘴适中；正常的眉毛；斜视；人物涂黑；张开的嘴巴；正面像人物；肩膀窄；圆圆的脸；头面部涂黑
data/legend/human/00021_.png,正面像人物；没有脖子；一字型嘴巴；头发浓密；正常的眉毛；头发十分细致的描绘；嘴小；长鼻子；眼睛小
data/legend/human/00022_.png,嘴适中；头发凌乱；短发；没有眉毛（男性）；嘴角上扬；头发浓密；斜视；鼻子朝右；正面像人物；没有脖子；圆圆的脸；尖鼻子
data/legend/human/00023_.png,嘴角上扬；两眼间距很宽；头发稀疏；头发向上；修长眼；国字脸；眼珠正中；正面像人物；没有脖子；正常的眉毛；尖鼻子；嘴大；长鼻子；短发；鼻子朝左；只画三根头发
data/legend/human/00024_.png,没有脖子；正常的眉毛；头发稀疏；正面像人物；短发；嘴适中；短鼻子；斜视；国字脸；嘴角上扬
data/legend/human/00025_.png,齐耳的头发；尖鼻子；处于纸的最下部；尖领；正常的眉毛；短发；尖而小的脚；人结构齐全和谐；斜视；嘴角上扬；正面像人物；脖子短粗；嘴适中；头发浓密；头发十分细致的描绘；头发左分
data/legend/human/00026_.png,正常的眉毛；眼珠正中；嘴适中；头发右分；瓜子脸；没有脖子；头发十分细致的描绘；头发浓密；修长眼；鼻子朝左
data/legend/human/00027_.png,短发；正常的眉毛；瓜子脸；张开的嘴巴；眼珠正中；处于纸的最下部；长鼻子；鞋子；修长眼；嘴适中；正面像人物；脖子短粗；头发向上；胳膊长，强壮；手臂/双手叉腰；人结构齐全和谐；耳朵过大
data/legend/human/00028_.png,没有脖子；齐耳的头发；头发十分细致的描绘；头发浓密；短鼻子；鼻子朝左；圆圆的脸；正常的眉毛；正面像人物；修长眼；嘴角上扬；嘴适中
data/legend/human/00029_.png,嘴角上扬；头发向上；修长眼；没有脖子；正面像人物；眼珠正中；头发稀疏；鼻子朝左；瓜子脸；正常的眉毛；嘴适中；短发
data/legend/human/00030_.png,张开的嘴巴；斜视；圆圆的脸；嘴角上扬；鼻子朝左；短发；没有眉毛（男性）；嘴适中；圆形眼睛；正面像人物；没有脖子
data/legend/human/00031_.png,圆圆的脸；短发；正常的眉毛；嘴适中；嘴角上扬；眼珠正中；没有脖子；眉毛长；正面像人物；修长眼；鼻子朝左
data/legend/human/00032_.png,嘴适中；眼珠正中；短发；嘴角上扬；正面像人物；没有脖子；头发稀疏；鼻子朝右；眉毛短；瓜子脸
data/legend/human/00033_.png,双眼不对称；斜视；鼻子朝左；圆形眼睛；圆圆的脸；短发；正面像人物；嘴角上扬；眉毛长；没有脖子；嘴适中
data/legend/human/00034_.png,短发；正常的眉毛；没有脖子；国字脸；正面像人物；眼睛小；嘴角上扬；嘴适中；鼻子朝右
data/legend/human/00035_.png,鼻子朝右；正常的眉毛；两眼间距很窄；正面像人物；眉毛长；嘴适中；嘴角上扬；短发；眼睛大；眼珠正中；没有脖子；国字脸
data/legend/human/00036_.png,正面像人物；鼻子朝右；嘴角上扬；没有脖子；圆形眼睛；圆圆的脸；眉毛长；短发；眼珠正中；嘴适中；正常的眉毛
data/legend/human/00037_.png,修长眼；嘴角上扬；嘴适中；正面像人物；没有脖子；头发浓密；眼珠正中；长鼻子；眉毛长；正常的眉毛；鼻子朝左；瓜子脸；两眼间距很窄；短发
data/legend/human/00038_.png,短鼻子；短发；圆圆的脸；头发向上；正面像人物；嘴适中；双眼皮；嘴角上扬；头发稀疏；眼珠正中；没有脖子；正常的眉毛；鼻子朝左
data/legend/human/00039_.png,鼻子朝右；嘴大；国字脸；斜视；没有脖子；嘴角上扬；正常的眉毛；正面像人物；圆形眼睛；短发
data/legend/human/00040_.png,两眼间距很宽；嘴适中；没有脖子；短发；正常的眉毛；圆形眼睛；鼻子朝左；嘴角上扬；斜视
data/legend/human/00041_.png,斜视；国字脸；两眼间距很窄；没有脖子；正常的眉毛；鼻子朝左；嘴角上扬；短发；圆形眼睛；嘴适中；正面像人物
data/legend/human/00042_.png,嘴适中；嘴角上扬；S型鼻子；圆形眼睛；斜视；正面像人物；正常的眉毛；长鼻子；圆圆的脸；鼻子朝左；没有脖子；短发
data/legend/human/00043_.png,斜视；嘴适中；正常的眉毛；短发；正面像人物；没有脖子；圆形眼睛；长鼻子；鼻子朝右；国字脸；嘴角上扬
data/legend/human/00044_.png,正常的眉毛；没有脖子；鼻子朝左；圆形眼睛；瓜子脸；斜视；正面像人物；嘴适中；长鼻子；短发；嘴角上扬
data/legend/human/00045_.png,斜视；圆形眼睛；正面像人物；嘴角上扬；圆圆的脸；没有脖子；短鼻子；嘴适中；正常的眉毛；短发
data/legend/human/00046_.png,圆圆的脸；圆形眼睛；斜视；嘴角上扬；嘴适中；正常的眉毛；纽扣鼻子；正面像人物；短发；没有脖子
data/legend/human/00047_.png,瓜子脸；正面像人物；短发；没有脖子；斜视；嘴角上扬；嘴适中；正常的眉毛；圆形眼睛；圆形的鼻子
data/legend/human/00048_.png,圆圆的脸；斜视；眼珠正中；没有脖子；正面像人物；嘴适中；圆形眼睛；嘴角上扬；尖鼻子；短发；鼻子朝右；正常的眉毛
data/legend/human/00049_.png,没有脖子；S型鼻子；嘴适中；短发；圆圆的脸；眉毛长；圆形眼睛；嘴角上扬；正常的眉毛；正面像人物
data/legend/human/00050_.png,没有脖子；嘴适中；头发浓密；短发；张开的嘴巴；正面像人物；眼睛小；嘴角上扬；正常的眉毛；尖鼻子；鼻子朝左；脖子细长；圆圆的脸；圆形眼睛
data/legend/human/00051_.png,正面像人物；双眼不对称；短发；长鼻子；张开的嘴巴；圆形眼睛；正常的眉毛；嘴大；修长眼；没有脖子；鼻子朝左；圆圆的脸
data/legend/human/00052_.png,圆圆的脸；圆形眼睛；正常的眉毛；鼻子朝左；张开的嘴巴；没有脖子；嘴小；短发；正面像人物
data/legend/human/00053_.png,正面像人物；没有脖子；圆圆的脸；短发；圆形眼睛；正常的眉毛；一字型嘴巴；斜视；长鼻子；嘴适中；鼻子朝左
data/legend/human/00054_.png,圆圆的脸；短发；正面像人物；圆形眼睛；鼻子朝左；张开的嘴巴；斜视；眉毛长；嘴适中；没有脖子
data/legend/human/00055_.png,鼻子朝左；画出牙齿的嘴巴；张开的嘴巴；没有脖子；嘴大；修长眼；长鼻子；正面像人物；国字脸；正常的眉毛；短发
data/legend/human/00056_.png,圆形眼睛；斜视；眉毛长；短发；正常的眉毛；嘴适中；张开的嘴巴；鼻子朝左；嘴角上扬；正面像人物；没有脖子
data/legend/human/00057_.png,嘴适中；双下巴；短发；鼻子朝左；正常的眉毛；正面像人物；圆圆的脸；嘴角上扬；斜视
data/legend/human/00058_.png,正常的眉毛；嘴适中；耳朵过大；圆形眼睛；正面像人物；短发；鼻子朝左；涂黑的耳朵；嘴角上扬；圆圆的脸；斜视；没有脖子
data/legend/human/00059_.png,圆形眼睛；鼻子朝左；嘴角上扬；圆圆的脸；没有脖子；正常的眉毛；斜视；短发；嘴适中；正面像人物；耳朵过小
data/legend/human/00060_.png,尖耳朵；圆圆的脸；嘴适中；没有脖子；正常的眉毛；正面像人物；鼻子朝左；嘴角上扬；短发
data/legend/human/00061_.png,嘴适中；斜视；正常的眉毛；嘴角上扬；圆圆的脸；正面像人物；没有脖子；短发；圆形眼睛；鼻子朝左；涂黑的耳朵
data/legend/human/00062_.png,正面像人物；没有脖子；丰满的耳垂；正常的眉毛；斜视；嘴大；嘴角上扬；圆圆的脸；鼻子朝左；圆形眼睛；短发；尖鼻子
data/legend/human/00063_.png,头发向上；头发稀疏；耸肩；一字型嘴巴；尖鼻子；没有脖子；正面像人物；嘴适中；圆圆的脸；圆形眼睛；耳朵过大；正常的眉毛；头很大（相对躯体）；人物缺乏结构化和整体性；鼻子朝左；短发
data/legend/human/00064_.png,圆形眼睛；圆圆的脸；斜视；嘴大；脖子短粗；正常的眉毛；正面像人物；鼻子朝左；短发；嘴角上扬
data/legend/human/00065_.png,正常的眉毛；眉毛长；尖鼻子；斜视；正面像人物；圆形眼睛；圆圆的脸；嘴适中；嘴角上扬；短发；脖子细长；鼻子朝左
data/legend/human/00066_.png,长鼻子；短发；斜视；脖子细长；尖鼻子；圆圆的脸；眉毛长；嘴适中；正面像人物；正常的眉毛；嘴角上扬；圆形眼睛；鼻子朝左
data/legend/human/00067_.png,嘴适中；正面像人物；正常的眉毛；斜视；耸肩；脖子细长；圆形眼睛；短发；嘴角上扬；鼻子朝左；尖鼻子；圆圆的脸
data/legend/human/00068_.png,鞋子；倾斜的人物/人物倾斜度大于15度；正面像人物；脚大；长鼻子；脖子细长；人结构齐全和谐；嘴小；没有眉毛（男性）；圆圆的脸；手贴着身体
data/legend/human/00069_.png,腿短；耳朵过大；正面像人物；没有脖子；衣服画得十分仔细，描绘了衣服的花边、领带上的细致花纹等；头发向上；两眼间距很宽；手及手臂放在身后/手藏起来；尖领；短发；正常的眉毛；国字脸；头发稀疏；画扣子；鞋子；嘴小；人结构齐全和谐；修长眼；眉毛短
data/legend/human/00070_.png,鼻子朝左；圆圆的脸；正面像人物；嘴角上扬；两眼间距很窄；圆形眼睛；肩膀窄；嘴大；尖鼻子；眉毛短；耸肩；手臂在胸前；短发；正常的眉毛
data/legend/human/00071_.png,鼻子朝左；正面像人物；脖子细长；双臂平举；短发；尖鼻子；圆圆的脸；正常的眉毛；肩膀窄；眼睛大；人结构齐全和谐；嘴适中；嘴角上扬
data/legend/human/00072_.png,嘴角上扬；肩膀窄；斜视；嘴适中；尖鼻子；圆圆的脸；短发；人比较瘦；鼻子朝左；人结构齐全和谐；正面像人物；手臂/双手叉腰；脖子细长；正常的眉毛
data/legend/human/00073_.png,手臂小，手腕粗；画扣子；眼睛小；长鼻子；圆圆的脸；脚大；衣服画得十分仔细，描绘了衣服的花边、领带上的细致花纹等；双臂平举；一大一小的脚；胳膊短；短发；两眼间距很宽；嘴大；脖子短粗；正面像人物；嘴角上扬；正常的眉毛；人结构齐全和谐
data/legend/human/00074_.png,不对称手臂；鼻子朝左；眼睛大；短发；尖鼻子；正面像人物；人结构齐全和谐；嘴角上扬；圆形眼睛；嘴适中；正常的眉毛；圆圆的脸
data/legend/human/00075_.png,圆形眼睛；嘴角上扬；圆圆的脸；人结构齐全和谐；正常的眉毛；短发；嘴适中；不对称手臂；胳膊长，强壮；斜视；鼻子朝左；正面像人物
data/legend/human/00076_.png,鼻子朝左；嘴大；人结构齐全和谐；正面像人物；圆圆的脸；双眼不对称；正常的眉毛；短发；裙子；胳膊短；脖子细长；嘴角上扬
data/legend/human/00077_.png,嘴适中；短发；正面像人物；耳朵过大；圆圆的脸；眼睛大；单线条手臂；嘴角上扬；正常的眉毛；人结构齐全和谐；脖子细长；长鼻子
data/legend/human/00078_.png,一大一小的脚；正面像人物；不对称手臂；眼睛小；人结构齐全和谐；圆圆的脸；腿短；长鼻子；脖子细长；一字型嘴巴；正常的眉毛；嘴适中；手大
data/legend/human/00079_.png,正常的眉毛；圆形眼睛；斜视；正面像人物；短发；圆圆的脸；脖子细长；嘴大；嘴角上扬；鼻子朝左；手小
data/legend/human/00080_.png,圆形眼睛；正面像人物；人物涂黑；嘴适中；鼻子朝左；斜视；短发；脖子细长；眼睛大；正常的眉毛；嘴角上扬；手涂黑；圆圆的脸
data/legend/human/00081_.png,双眼不对称；圆领；人结构齐全和谐；嘴适中；正面像人物；正常的眉毛；张开的嘴巴；头发向上；人物是在活动的；短发；国字脸；两眼间距很宽；手臂在胸前；手大；短鼻子；鼻子朝左；鞋子；爪形手指
data/legend/human/00082_.png,鼻子朝左；嘴适中；脖子细长；正常的眉毛；肩膀窄；斜视；眼睛大；手大；细长的手指；圆圆的脸；短发；嘴角上扬；圆形眼睛；正面像人物
data/legend/human/00083_.png,正常的眉毛；强调腿部线条；侧面像人物；人物是在活动的；长鼻子；手小；人结构齐全和谐；斜视；嘴适中；圆形眼睛；眼睛大；一字型嘴巴；鼻子朝左；没有脖子；圆圆的脸；短发
data/legend/human/00084_.png,圆形眼睛；手小；嘴适中；腿长；正常的眉毛；短发；鼻子朝左；人结构齐全和谐；嘴角上扬；圆圆的脸；正面像人物；没有脖子
data/legend/human/00085_.png,尖而小的脚；嘴适中；人比较瘦；嘴角上扬；胳膊短；鼻子朝左；眼珠正中；正常的眉毛；人结构齐全和谐；腿短；头很大（相对躯体）；瓜子脸；正面像人物；短发
data/legend/human/00086_.png,正常的眉毛；鼻子朝左；正面像人物；人结构齐全和谐；圆圆的脸；短发；人比较瘦；嘴适中；腿细；腿长
data/legend/human/00087_.png,左右不一样的腿；人结构齐全和谐；头发向上；嘴适中；鼻子朝左；瓜子脸；正常的眉毛；短发；修长眼；两眼间距很窄；嘴角上扬；正面像人物
data/legend/human/00088_.png,鼻子朝左；正面像人物；嘴角上扬；斜视；圆圆的脸；嘴适中；脚大；正常的眉毛；圆形眼睛；脖子细长；短发；人结构齐全和谐
data/legend/human/00089_.png,正面像人物；尖而小的脚；嘴角上扬；嘴适中；人结构齐全和谐；正常的眉毛；短发；圆圆的脸；圆形眼睛；鼻子朝左
data/legend/human/00090_.png,正常的眉毛；头发向上；嘴适中；正面像人物；一大一小的脚；鼻子朝左；人结构齐全和谐；胳膊短；修长眼；只画三根头发；国字脸；嘴角上扬；眼珠正中；短发
data/legend/human/00091_.png,人比较瘦；长鼻子；瓜子脸；头发十分细致的描绘；脖子细长；正面像人物；正常的眉毛；头发浓密；人结构齐全和谐；鞋子；裙子；领带领结；嘴适中；衣服画得十分仔细，描绘了衣服的花边、领带上的细致花纹等；画扣子
data/legend/human/00092_.png,鼻子朝左；正常的眉毛；圆形眼睛；短发；斜视；嘴适中；圆圆的脸；头发稀疏；正面像人物；裙子
data/legend/human/00093_.png,脖子细长；嘴适中；短发；正面像人物；圆领；手贴着身体；圆圆的脸；圆形眼睛；正常的眉毛；鼻子朝左；嘴角上扬
data/legend/human/00094_.png,短发；短鼻子；正常的眉毛；脖子短粗；头发向上；正面像人物；眼珠正中；手贴着身体；嘴适中；圆形眼睛；国字脸；头发稀疏；尖领；一字型嘴巴
data/legend/human/00095_.png,正面像人物；脖子细长；鼻子朝左；嘴角上扬；圆形眼睛；短发；衣服画得十分仔细，描绘了衣服的花边、领带上的细致花纹等；嘴适中；圆圆的脸；画扣子；正常的眉毛
data/legend/human/00096_.png,嘴角上扬；正常的眉毛；尖鼻子；耳朵过小；正面像人物；瓜子脸；短发；头发向上；鼻子朝左；人结构齐全和谐；头发稀疏；嘴适中；配件(皮包、手表等)；只画三根头发；修长眼
data/legend/human/00097_.png,短发；人非常大/巨大人像；衣服画得十分仔细，描绘了衣服的花边、领带上的细致花纹等；头发浓密；人结构齐全和谐；人背影/背面像人物
data/legend/human/00098_00001.png,瓜子脸；倾斜的人物/人物倾斜度大于15度；嘴角上扬；没有眉毛（男性）；短发；嘴适中；人在右侧面；正面像人物；人结构齐全和谐
data/legend/human/00099_00004.png,圆圆的脸；嘴适中；圆形眼睛；圆领；人在右侧面；头发十分细致的描绘；裙子；画扣子；尖而小的脚；鞋子；正面像人物；人结构齐全和谐；衣服画得十分仔细，描绘了衣服的花边、领带上的细致花纹等；没有眉毛（男性）
data/legend/human/00100_00005.png,张开的嘴巴；眼睛大；眼珠正中；圆圆的脸；头发十分细致的描绘；衣服画得十分仔细，描绘了衣服的花边、领带上的细致花纹等；头发浓密；嘴角上扬；修长眼；处于纸的最下部；鼻子朝左；人结构齐全和谐；嘴适中；手小；正面像人物；鞋子
data/legend/human/00101_00005.png,衣服画得十分仔细，描绘了衣服的花边、领带上的细致花纹等；修长眼；嘴角上扬；嘴适中；处于纸的最下部；鼻子朝左；圆圆的脸；手大；人结构齐全和谐；不对称手臂；眼睛大；尖鼻子；人在右侧面；头发十分细致的描绘；正常的眉毛；正面像人物
data/legend/human/00102_00006.png,人结构齐全和谐；配件(皮包、手表等)；手小；国字脸；双臂平举；帽子；左右不一样的腿；正面像人物；首饰；裙子；嘴角上扬；一大一小的脚；手大；眼睛大；头很大（相对躯体）；鼻子朝右；耳朵过大；嘴适中
data/legend/human/00103_00007.png,人符号化（火柴人）；短发；配件(皮包、手表等)；圆圆的脸
data/legend/human/00104_00008.png,人物是在活动的；嘴角上扬；嘴大；短发；裙子；人结构齐全和谐；正面像人物；头发浓密；没有脖子；人在右侧面；圆圆的脸；没有眉毛（男性）；眼睛小；圆形眼睛
data/legend/human/00105_00009.png,单线条手臂；没有脖子；嘴角上扬；人符号化（火柴人）；没有眉毛（男性）；眼睛小；人在右侧面；正面像人物；圆形眼睛；嘴适中；圆圆的脸
data/legend/human/00106_00010.png,正面像人物；圆领；嘴角上扬；头发十分细致的描绘；没有脖子；圆形眼睛；肩膀窄；短发；头发浓密；没有眉毛（男性）；嘴适中；圆圆的脸；齐耳的头发；人在右侧面
data/picture/00001.png,没有画出树枝；立体的房子；近处的房子；方块窗户；嘴适中；长方形整齐墙面；花瓶型树干；纸右上方的树；单层房子；正面像人物；墙壁上有装饰；短发；门前有道路；人结构齐全和谐；道路上有石子；封闭式树冠；嘴角上扬；对开门/双开门/两个门；人在右侧面；房子左侧面；没有眉毛（男性）；门上有把手；瓜子脸；过大的房子(画面占纸张的2/3以上)；比较平坦的树根；树干有疤痕；云状树冠；没有果实；树冠右侧被切断；无地平线；简单的树；侧门；没有烟囱；倾斜的人物/人物倾斜度大于15度
data/picture/00002.png,大树叶；简单的树；有果实；长方形整齐墙面；放射式树冠；立体的房子；大小适中的房子(画面占纸张的1/4到1/3)；树干长，树冠短；房子左侧面；树皮仔细描绘；树枝的组合和谐；近处的房子；房子墙壁在纸的边缘；门是开着的；椰子树；没有门把手；直且平行的树干；海边(湖边、河边)的房子；没有烟囱；“十”字形的窗户；对开门/双开门/两个门；纸中间描画的树；两棵同样的树；没有画出树枝；单层房子
data/picture/00007.png,屋顶两侧低垂包裹；直且平行的树干；“十”字形的窗户；立体的房子；封闭涂有阴影的树冠；强调屋顶/屋顶线较深；栅栏；人符号化（火柴人）；对开门/双开门/两个门；简单的树；纸右上方的树；封闭式树冠；大小适中的房子(画面占纸张的1/4到1/3)；屋顶瓦片描绘细致；远处的房子；屋顶较大；没有画出树枝；没有烟囱；配件(皮包、手表等)；绘制墙壁详细；房子右侧面；门是开着的；短发；无地平线；没有果实；云状树冠；门上有把手；圆圆的脸；单层房子
data/picture/00005.png,通向左侧道路；没有果实；张开的嘴巴；门上有把手；开放树干一树枝连接型；修长眼；树枝的组合和谐；屋顶两侧低垂包裹；屋顶瓦片描绘细致；路径很明确的树枝；无地平线；各种附件、装饰品(鸟舍、喂食盆、巢、鸟儿、梯子、小器具、篮子、挂在树上的心形物、树干上的小叶子等)；单层房子；远处的房子；眼睛大；头发浓密；处于纸的最下部；圆圆的脸；半封闭型树冠；花瓶型树干；在根基础部画出根的附着状；大小适中的房子(画面占纸张的1/4到1/3)；门是开着的；手小；没有烟囱；墙壁上有装饰；门前有道路；两棵不一样的树；对开门/双开门/两个门；立体的房子；人结构齐全和谐；房子右侧面；树冠左侧被切断；树干粗壮；房屋被树遮挡；鼻子朝左；放射状的树枝；正面像人物；房屋周围的花草庭院；双线条画树枝；眼珠正中；海边(湖边、河边)的房子；嘴角上扬；云状树冠；两棵以上的有远近感的树；衣服画得十分仔细，描绘了衣服的花边、领带上的细致花纹等；嘴适中；头发十分细致的描绘；鞋子；纸左上方的树；长方形整齐墙面；窗形不一，有方有圆
data/picture/00004.png,向上生长的树枝；树干和树枝都是单线条；树枝的组合和谐；尖而小的脚；放射式树冠；圆领；大树叶；人结构齐全和谐；纸左上方的树；头发十分细致的描绘；单线条的树干；大小适中的房子(画面占纸张的1/4到1/3)；人在右侧面；衣服画得十分仔细，描绘了衣服的花边、领带上的细致花纹等；没有果实；开放树干一树枝连接型；简单的树；树根紧挨地平线；画扣子；放射状的树枝；对开门/双开门/两个门；路径很明确的树枝；正面像人物；没有眉毛（男性）；门上有把手；古怪的房子（如塔、尖顶等)；圆圆的脸；嘴适中；近处的房子；单面的房子；单层房子；裙子；鞋子；圆形眼睛
data/picture/00003.png,树根紧挨地平线；封闭式树冠；没有门把手；纸左上方的树；立体的房子；单层房子；大小适中的房子(画面占纸张的1/4到1/3)；格子状屋顶/密布“十”字的屋顶；强调树冠；房屋被树遮挡；云状树冠；没有画出树枝；两棵不一样的树；长方形整齐墙面；花瓶型树干；没有烟囱；方块窗户；没有果实；远处的房子；房子左侧面；封闭涂有阴影的树冠
data/picture/00009.png,树皮仔细描绘；门前有道路；纸左上方的树；嘴适中；人符号化（火柴人）；墙壁上有装饰；屋顶天窗；简单的树；嘴角上扬；树枝的组合和谐；正面像人物；花瓶型树干；云状树冠；侧门；通向右侧道路；房子右侧面；无地平线；圆圆的脸；长方形整齐墙面；方块窗户；单线条手臂；眼睛小；对开门/双开门/两个门；放射状的树枝；没有眉毛（男性）；树冠左侧被切断；以纸张的边缘作为地平线的树；树干树枝连接且中空；立体的房子；封闭式树冠；大小适中的房子(画面占纸张的1/4到1/3)；门上有把手；没有果实；圆形眼睛；没有烟囱；人在右侧面；远处的房子；路径很明确的树枝；没有脖子；树干粗壮；单层房子
data/picture/00006.png,房屋周围的花草庭院；纸右上方的树；嘴角上扬；开放式树冠；单层房子；放射状的树枝；道路上有石子；左右不一样的腿；没有门把手；正面像人物；国字脸；首饰；路径很明确的树枝；屋顶天窗；无地平线；帽子；通向左侧道路；人结构齐全和谐；大小适中的房子(画面占纸张的1/4到1/3)；树枝的组合和谐；路远离房子的一端很宽，接近房子的一端很窄；树皮仔细描绘；树皮涂黑；“十”字形的窗户；手大；手小；门前有道路；直且平行的树干；鼻子朝右；强调树根；头很大（相对躯体）；立体的房子；强调房子侧面的窗台；裙子；向两侧伸出树杈的树枝；围墙或水沟；一大一小的脚；长方形整齐墙面；强调树干；近处的房子；很多窗户；放射式树冠；树冠右侧被切断；树木描绘中的树根显示出爪状根；树根比其他部分大；配件(皮包、手表等)；枯树；双臂平举；没有烟囱；耳朵过大；没有果实；嘴适中；眼睛大；开放树干一树枝连接型
data/picture/00008.png,树干粗壮；对开门/双开门/两个门；开放式树冠；房屋周围的花草庭院；没有果实；人物是在活动的；圆圆的脸；没有脖子；没有眉毛（男性）；长方形整齐墙面；人结构齐全和谐；树干顶部内收；大小适中的房子(画面占纸张的1/4到1/3)；大树叶；嘴大；双线条画树枝；单层房子；开放式树冠，稀少的树叶；短发；立体的房子；无地平线；头发浓密；房子右侧面；眼睛小；正面像人物；修剪整齐的树；远处的房子；屋顶瓦片描绘细致；路径很明确的树枝；人在右侧面；圆形眼睛；门前有道路；树枝的组合和谐；道路上有石子；没有门把手；树干有疤痕；路很长，迂回弯曲；裙子；放射状的树枝；纸右上方的树；嘴角上扬；两棵以上的有远近感的树；“十”字形的窗户
data/picture/00010.png,通向右侧道路；树干根部平行，上部粗状；没有脖子；封闭式树冠；放射状的树枝；没有眉毛（男性）；单层房子；门前有道路；短发；屋顶较大；头发浓密；正面像人物；向两侧伸出树杈的树枝；大门/门相对于房子显得很大；墙壁上有装饰；嘴适中；窗帘；大小适中的房子(画面占纸张的1/4到1/3)；无地平线；门上有把手；树枝的组合和谐；立体的房子；圆圆的脸；屋顶瓦片描绘细致；栅栏；长方形整齐墙面；齐耳的头发；封闭涂有阴影的树冠；头发十分细致的描绘；双线条画树枝；房屋周围的花草庭院；高的台阶；路径很明确的树枝；近处的房子；窗内的窗帘全部打开或打开一部分；直且平行的树干；没有果实；树干有疤痕；树干树枝连接且中空；嘴角上扬；人在右侧面；圆形眼睛；无法排烟的烟囱；纸左下方的树；肩膀窄；云状树冠；圆领
